{"name":"10d70371-74d0-4722-9deb-847e3a07ac13","id":"/providers/Microsoft.Flow/flows/10d70371-74d0-4722-9deb-847e3a07ac13","type":"Microsoft.Flow/flows","properties":{"apiId":"/providers/Microsoft.PowerApps/apis/shared_logicflows","displayName":"Stream Admin - Get Microsoft Stream Data","definition":{"metadata":{"workflowEntityId":null,"creator":{"id":"cf9de1ad-6939-4a67-9927-28479cbd655e","type":"User","tenantId":"4576f6bc-a361-4e35-af20-492c358c05c3"},"provisioningMethod":"FromDefinition","failureAlertSubscription":true,"clientLastModifiedTime":"2019-02-07T02:09:42.06456Z"},"$schema":"https://schema.management.azure.com/providers/Microsoft.Logic/schemas/2016-06-01/workflowdefinition.json#","contentVersion":"1.0.0.0","parameters":{"$connections":{"defaultValue":{},"type":"Object"},"$authentication":{"defaultValue":{},"type":"SecureObject"}},"triggers":{"Recurrence":{"recurrence":{"frequency":"Day","interval":1,"timeZone":"Eastern Standard Time","schedule":{"hours":["23"],"minutes":[59]}},"type":"Recurrence","description":"Adjust as needed for your organization. If you make changes here make sure to update StartDate and EndDate"}},"actions":{"Initialize_EndDate":{"runAfter":{"Initializing_StartDate":["Succeeded"]},"type":"InitializeVariable","inputs":{"variables":[{"name":"EndDate","type":"String","value":"@{startOfDay(addDays(utcNow(),1,'MM/dd/yyyy'))}"}]},"description":"Enter End Date - Update this if you changed recurrence"},"Initializing_StartDate":{"runAfter":{"Query_Account_Password":["Succeeded"]},"type":"InitializeVariable","inputs":{"variables":[{"name":"StartDate","type":"String","value":"@{startOfDay(utcNow())}"}]},"description":"Enter start date - Update this if you changed recurrence. On your initial production run you may want to do addDays and go back -90 to get historical data. just make sure to change back."},"Query_Account_Password":{"runAfter":{"Query_Account_User_ID":["Succeeded"]},"type":"InitializeVariable","inputs":{"variables":[{"name":"Admin Account Password","type":"String"}]},"description":"Enter account password for above user ID. Do not share this Flow with others in your org. We recommend on Global Admins modify this flow. The password will not be obfuscated in any logs."},"Get_Stream_Results":{"runAfter":{"Initialize_EndDate":["Succeeded"]},"type":"Http","inputs":{"method":"GET","uri":"https://outlook.office365.com/psws/service.svc/UnifiedAuditLog?StartDate=@{variables('StartDate')}&EndDate=@{variables('EndDate')}&RecordType=MicrosoftStream&ResultSize=5000","headers":{"Accept":"application/json"},"authentication":{"type":"Basic","username":"@variables('Admin Account')","password":"@variables('Admin Account Password')"}},"description":"By default we check for a max of 5000 items. This is the limit before inserting session id's and pagination.","runtimeConfiguration":{"paginationPolicy":{"minimumItemCount":5000}}},"Parse_Stream_Results":{"runAfter":{"Get_Stream_Results":["Succeeded"]},"type":"ParseJson","inputs":{"content":"@body('Get_Stream_Results')","schema":{"type":"object","properties":{"odata.metadata":{"type":"string"},"value":{"type":"array","items":{"type":"object","properties":{"Identity":{"type":"string"},"AuditData":{"type":"string"},"CreationDate":{"type":"string"},"IsValid":{"type":"boolean"},"ObjectState":{"type":"string"},"Operations":{"type":"string"},"RecordType":{"type":"string"},"ResultCount":{"type":"number"},"ResultIndex":{"type":"number"},"UserIds":{"type":"string"},"ObjectIds":{},"IPAddresses":{}},"required":["Identity","AuditData","CreationDate","IsValid","ObjectState","Operations","RecordType","ResultCount","ResultIndex","UserIds","ObjectIds","IPAddresses"]}}}}},"description":"This will parse the initial Audit Records"},"Are_Stream_Results_available":{"actions":{"Apply_to_each_record":{"foreach":"@body('Parse_Stream_Results')?['value']","actions":{"Parse_Stream_AuditDetails":{"runAfter":{},"type":"ParseJson","inputs":{"content":"@items('Apply_to_each_record')?['AuditData']","schema":{"type":"object","properties":{"CreationTime":{"type":"string"},"Id":{"type":"string"},"ResultStatus":{"type":"string"},"UserType":{"type":"number"},"Version":{"type":"number"},"UserId":{"type":"string"},"ResourceUrl":{"type":"string"},"ResourceTitle":{"type":"string"},"EntityPath":{"type":"string"},"OperationDetails":{"type":"string"},"ClientApplicationId":{"type":"string"},"ObjectId":{"type":"string"},"ClientIP":{"type":"string"},"RecordType":{"type":"number"},"Operation":{"type":"string"},"OrganizationId":{"type":"string"},"UserKey":{"type":"string"},"Workload":{"type":"string"}}}},"description":"This will parse out the AuditData results from the initial audit record parse."},"Create_Stream_Record":{"runAfter":{"Parse_Location":["Succeeded"]},"metadata":{"flowSystemMetadata":{"swaggerOperationId":"PostItem"}},"type":"ApiConnection","inputs":{"host":{"connection":{"name":"@parameters('$connections')['shared_sharepointonline']['connectionId']"},"api":{"runtimeUrl":"https://flow-apim-msmanaged-na-eastus2-01.azure-apim.net/apim/sharepointonline"}},"method":"post","body":{"Title":"@{if(equals(body('Parse_Stream_AuditDetails')?['Operation'],'StreamCreateVideo'),'Created video',if(equals(body('Parse_Stream_AuditDetails')?['Operation'],'StreamCreateVideoComment'),'Commented on video',if(equals(body('Parse_Stream_AuditDetails')?['Operation'],'StreamDeleteChannel'),'Deleted channel',if(equals(body('Parse_Stream_AuditDetails')?['Operation'],'StreamDeleteGroup'),'Deleted group',if(equals(body('Parse_Stream_AuditDetails')?['Operation'],'StreamDeleteUser'),'Deleted user', if(equals(body('Parse_Stream_AuditDetails')?['Operation'],'StreamDeleteUserDataExport'),'Deleted User Data Export',if(equals(body('Parse_Stream_AuditDetails')?['Operation'],'StreamDeleteVideo'),'Deleted video',if(equals(body('Parse_Stream_AuditDetails')?['Operation'],'StreamDeleteVideoComment'),'Deleted video comment',if(equals(body('Parse_Stream_AuditDetails')?['Operation'],'StreamDeleteVideoTextTrack'),'Deleted text track',if(equals(body('Parse_Stream_AuditDetails')?['Operation'],'StreamDeleteVideoThumbnail'),'Deleted thumbnail',if(equals(body('Parse_Stream_AuditDetails')?['Operation'],'StreamEditAdminGlobalRoleMembers'),'Edited global role assignment',if(equals(body('Parse_Stream_AuditDetails')?['Operation'],'StreamEditAdminTenantSettings'),'Edited tenant settings',if(equals(body('Parse_Stream_AuditDetails')?['Operation'],'StreamEditChannel'),'Edited channel',if(equals(body('Parse_Stream_AuditDetails')?['Operation'],'StreamEditUser'),'Edited user',if(equals(body('Parse_Stream_AuditDetails')?['Operation'],'StreamEditGroupMemberships'),'Edited group memberships', if(equals(body('Parse_Stream_AuditDetails')?['Operation'],'StreamEditGroup'),'Edited group',if(equals(body('Parse_Stream_AuditDetails')?['Operation'],'StreamEditUserSettings'),'Edited user settings',if(equals(body('Parse_Stream_AuditDetails')?['Operation'],'StreamEditVideo'),'Edited video',if(equals(body('Parse_Stream_AuditDetails')?['Operation'],'StreamEditVideoPermissions'),'Edited video permission',if(equals(body('Parse_Stream_AuditDetails')?['Operation'],'StreamEditLiveIngest'),'Edited live ingest',if(equals(body('Parse_Stream_AuditDetails')?['Operation'],'StreamEditLiveEvent'),'Edited live event',if(equals(body('Parse_Stream_AuditDetails')?['Operation'],'StreamInvokeChannelSetThumbnail'),'Set channel thumbnail',if(equals(body('Parse_Stream_AuditDetails')?['Operation'],'StreamInvokeExportUserData'),'Exported user data',if(equals(body('Parse_Stream_AuditDetails')?['Operation'],'StreamInvokeUserDataExportDownload'),'Downloaded user data',if(equals(body('Parse_Stream_AuditDetails')?['Operation'],'StreamInvokeVideoDownload'),'Downloaded video', if(equals(body('Parse_Stream_AuditDetails')?['Operation'],'StreamInvokeVideoLike'),'Liked video',if(equals(body('Parse_Stream_AuditDetails')?['Operation'],'StreamInvokeVideoMakePublic'),'Made video public',if(equals(body('Parse_Stream_AuditDetails')?['Operation'],'StreamInvokeVideoMakePrivate'),'Made video private',if(equals(body('Parse_Stream_AuditDetails')?['Operation'],'StreamInvokeVideoSetLink'),'Linked on Video',if(equals(body('Parse_Stream_AuditDetails')?['Operation'],'StreamInvokeVideoShare'),'Shared video',if(equals(body('Parse_Stream_AuditDetails')?['Operation'],'StreamInvokeVideoTextTrackUpload'),'Uploaded text track',if(equals(body('Parse_Stream_AuditDetails')?['Operation'],'StreamInvokeVideoThumbnailUpload'),'Uploaded thumbnail',if(equals(body('Parse_Stream_AuditDetails')?['Operation'],'StreamInvokeVideoUnLike'),'Unliked video',if(equals(body('Parse_Stream_AuditDetails')?['Operation'],'StreamInvokeVideoUpload'),'Uploaded video', if(equals(body('Parse_Stream_AuditDetails')?['Operation'],'StreamInvokeVideoView'),'Viewed video',if(equals(body('Parse_Stream_AuditDetails')?['Operation'],'StreamInvokeLiveStartBroadcast'),'Started Live Broadcast',if(equals(body('Parse_Stream_AuditDetails')?['Operation'],'StreamInvokeLiveStartIngest'),'Started Ingest',if(equals(body('Parse_Stream_AuditDetails')?['Operation'],'StreamInvokeLiveStopIngest'),'Stopped Ingest',if(equals(body('Parse_Stream_AuditDetails')?['Operation'],'StreamInvokeVideoPostProcess'),'Video in post process', 'Unknown')))))))))))))))))))))))))))))))))))))))\r\n}","CreationDate":"@items('Apply_to_each_record')?['CreationDate']","UserIds":"@body('Parse_Stream_AuditDetails')?['UserId']","AuditDataResourceUrl":"@body('Parse_Stream_AuditDetails')?['ResourceUrl']","AuditDataResourceTitle":"@body('Parse_Stream_AuditDetails')?['ResourceTitle']","AuditDataClientApplicationId":"@body('Parse_Stream_AuditDetails')?['ClientApplicationId']","AuditDataObjectId":"@body('Parse_Stream_AuditDetails')?['ObjectId']","AuditDataUserId":"@body('Parse_Stream_AuditDetails')?['UserId']","AuditDataClientIP":"@body('Parse_Stream_AuditDetails')?['ClientIP']","AuditDataId":"@body('Parse_Stream_AuditDetails')?['Id']","AuditDataRecordType":"@items('Apply_to_each_record')?['RecordType']","AuditDataCreationTime":"@body('Parse_Stream_AuditDetails')?['CreationTime']","AuditDataOperation":"@body('Parse_Stream_AuditDetails')?['Operation']","AuditDataOrganizationId":"@body('Parse_Stream_AuditDetails')?['OrganizationId']","AuditDataUserType":"@{body('Parse_Stream_AuditDetails')?['UserType']}","AuditDataUserKey":"@body('Parse_Stream_AuditDetails')?['UserKey']","AuditDataWorkload":"@body('Parse_Stream_AuditDetails')?['Workload']","AuditDataResultStatus":"@body('Parse_Stream_AuditDetails')?['ResultStatus']","AuditDataVersion":"@{body('Parse_Stream_AuditDetails')?['Version']}","User":{"Claims":"@body('Parse_Stream_AuditDetails')?['UserId']"},"Location":"@{concat(body('Parse_Location')?['city'],', ',body('Parse_Location')?['region'])}","Application":"@{if(equals(body('Parse_Stream_AuditDetails')?['ClientApplicationId'],'cf53fce8-def6-4aeb-8d30-b158e7b1cf83'),'Stream Portal',if(equals(body('Parse_Stream_AuditDetails')?['ClientApplicationId'],'844cca35-0656-46ce-b636-13f48b0eecbd'),'Stream Mobile',if(equals(body('Parse_Stream_AuditDetails')?['ClientApplicationId'],'574df941-661b-4bfc-acb0-0a07de7de341'),'Dynamics Talent',if(equals(body('Parse_Stream_AuditDetails')?['ClientApplicationId'],'00000005-0000-0ff1-ce00-000000000000'),'Yammer',if(equals(body('Parse_Stream_AuditDetails')?['ClientApplicationId'],'4580fd1d-e5a3-4f56-9ad1-aab0e3bf8f76'),'Microsoft Teams Exporter',if(equals(body('Parse_Stream_AuditDetails')?['ClientApplicationId'],'cc15fd57-2c6c-4117-a88c-83b1d56b4bbe'),'Microsoft Teams Middle tier',if(equals(body('Parse_Stream_AuditDetails')?['ClientApplicationId'],'1fec8e78-bce4-4aaf-ab1b-5451cc387264'),'Microsoft Teams Native Client',if(equals(body('Parse_Stream_AuditDetails')?['ClientApplicationId'],'5e3ce6c0-2b1f-4285-8d4b-75ee78787346'),'Microsoft Teams Web Client',if(equals(body('Parse_Stream_AuditDetails')?['ClientApplicationId'],'7557eb47-c689-4224-abcf-aef9bd7573df'),'Microsoft Teams Scheduling and Broadcast Service',if(equals(body('Parse_Stream_AuditDetails')?['ClientApplicationId'],'e478694e-c391-4a61-a6be-c953d2372058'),'OfficeMix.com',if(equals(body('Parse_Stream_AuditDetails')?['ClientApplicationId'],'d3590ed6-52b3-4102-aeff-aad2292ab01c'),'Office First Party native app',if(equals(body('Parse_Stream_AuditDetails')?['ClientApplicationId'],'2acd2ef7-b80e-46d2-87f8-90e10adc3fca'),'Microsoft Learning 3rd party app','Unknown'))))))))))))}","AuditDataOperationDetailsDescrip":"@body('Parse_Stream_AuditDetails')?['OperationDetails']"},"path":"/datasets/@{encodeURIComponent(encodeURIComponent('https://m365x852512.sharepoint.com/sites/ContosoHR'))}/tables/@{encodeURIComponent(encodeURIComponent('2ad54055-fbc8-4620-90a9-f032990dfa3b'))}/items","authentication":"@parameters('$authentication')"},"description":"Creates a record for each result returned. Determine what is needed or allowed in your reports. You can customize the SharePoint list as needed. Some organizations may not want to have userids or IP addresses shown in reports."},"Get_Location_from_IP":{"runAfter":{"Parse_Stream_AuditDetails":["Succeeded"]},"type":"Http","inputs":{"method":"GET","uri":"http://free.ipwhois.io/json/@{body('Parse_Stream_AuditDetails')?['ClientIP']}","headers":{"Accept":"application/json"}},"description":"This is free for 1000 items per day. Organizations should license this if they want to use through https://ipwhois.io/"},"Parse_Location":{"runAfter":{"Get_Location_from_IP":["Succeeded"]},"type":"ParseJson","inputs":{"content":"@body('Get_Location_from_IP')","schema":{"type":"object","properties":{"ip":{"type":"string"},"success":{"type":"boolean"},"type":{"type":"string"},"continent":{"type":"string"},"continent_code":{"type":"string"},"country":{"type":"string"},"country_code":{"type":"string"},"country_flag":{"type":"string"},"country_capital":{"type":"string"},"country_phone":{"type":"string"},"country_neighbours":{"type":"string"},"region":{"type":"string"},"city":{"type":"string"},"latitude":{"type":"string"},"longitude":{"type":"string"},"asn":{"type":"string"},"org":{"type":"string"},"isp":{"type":"string"},"timezone":{"type":"string"},"timezone_name":{"type":"string"},"timezone_dstOffset":{"type":"string"},"timezone_gmtOffset":{"type":"string"},"timezone_gmt":{"type":"string"},"currency":{"type":"string"},"currency_code":{"type":"string"},"currency_symbol":{"type":"string"},"currency_rates":{"type":"string"},"currency_plural":{"type":"string"}}}},"description":"Breaks out the Location information from the above query"}},"runAfter":{},"type":"Foreach","runtimeConfiguration":{"concurrency":{"repetitions":20}}},"Send_an_email":{"runAfter":{"Apply_to_each_record":["Succeeded"]},"metadata":{"flowSystemMetadata":{"swaggerOperationId":"SendEmail"}},"type":"ApiConnection","inputs":{"host":{"connection":{"name":"@parameters('$connections')['shared_office365']['connectionId']"},"api":{"runtimeUrl":"https://flow-apim-msmanaged-na-eastus2-01.azure-apim.net/apim/office365"}},"method":"post","body":{"To":"@{variables('Admin Account')};","Subject":"Stream Records Updated","Body":"The daily Stream Audit log information has been added to the report data source."},"path":"/Mail","authentication":"@parameters('$authentication')"}}},"runAfter":{"Parse_Stream_Results":["Succeeded"]},"expression":"@greater(length(body('Parse_Stream_Results')?['value']), 0)","type":"If","description":"Checks for any results that were found in this time frame."},"Query_Account_User_ID":{"runAfter":{},"type":"InitializeVariable","inputs":{"variables":[{"name":"Admin Account","type":"String"}]},"description":"Add email or UPN of admin account being used."}},"outputs":{},"description":"This flow lets an O365 Tenant Admin retrieve a list of flows that have been created in the past day."},"connectionReferences":{"shared_sharepointonline":{"connectionName":"shared-sharepointonl-7bed89b8-c18e-456f-be5b-de0ab9da976f","source":"Embedded","id":"/providers/Microsoft.PowerApps/apis/shared_sharepointonline","tier":"NotSpecified"},"shared_office365":{"connectionName":"shared-office365-07b0ec06-3e2e-4873-b9a1-7191179a577b","source":"Embedded","id":"/providers/Microsoft.PowerApps/apis/shared_office365","tier":"NotSpecified"}},"flowFailureAlertSubscribed":false}}